HRR Number,HRR Name,Medicare enrollees (2001),Total Mortality: ASR-adjusted % of deaths among Medicare enrollees (2001),Non-HMO Mortality: ASR-adjusted % of deaths among Medicare enrollees without HMO coverage (2001)
426,VA-Arlington                 ,131228,4.84585128244735,4.92987414834322
427,VA-Charlottesville           ,64630,5.31242027447592,5.36206198894562
428,VA-Lynchburg                 ,33207,5.38754558120361,5.43845470492135
429,VA-Newport News              ,58412,5.22701469822226,5.26028320791996
430,VA-Norfolk                   ,122137,5.47856267608433,5.51874073196281
431,VA-Richmond                  ,167876,5.37476385737724,5.41810832295453
432,VA-Roanoke                   ,98206,5.68474763931659,5.71589955382922
435,VA-Winchester                ,44123,5.65621008653287,5.72365775032317
