HRR Number,HRR Name,Medicare enrollees (1999),Total Mortality: ASR-adjusted % of deaths among Medicare enrollees (1999),Non-HMO Mortality: ASR-adjusted % of deaths among Medicare enrollees without HMO coverage (1999)
426,VA-Arlington               ,122571,4.9836929386268,5.14037124213357
427,VA-Charlottesville         ,62685,5.15538749201887,5.26699913689026
428,VA-Lynchburg               ,32554,5.43092053656959,5.53274008152047
429,VA-Newport News            ,55807,5.49712069563344,5.7104061043682
430,VA-Norfolk                 ,119325,5.65018919602052,5.85165649650149
431,VA-Richmond                ,164010,5.47608723478029,5.69291283072775
432,VA-Roanoke                 ,97326,5.73717544193504,5.84046291855494
435,VA-Winchester              ,42798,5.96337884698425,6.09335074918122
