HRR #,HRR City,State,Resident Population (2010),"Acute Care Hospital Beds per 1,000 Residents (2012)","Hospital-based Registered Nurses per 1,000 Residents (2012)","FTE Hospital Employees per 1,000 Residents (2012)"
426,Arlington,VA,2303199,1.17914384415781,2.94800232190755,8.56842653593048
427,Charlottesville,VA,573338,1.69698706755298,4.32702858396806,16.2351881535724
428,Lynchburg,VA,257092,2.31087912200019,3.64141925549484,15.5811597468564
429,Newport News,VA,564927,1.28334115790494,3.04654051255784,9.36668018484488
430,Norfolk,VA,1295886,1.96871988674684,4.10344628081657,13.4687063347083
431,Richmond,VA,1730860,2.09999791471637,4.30795381317148,13.1305150775006
432,Roanoke,VA,714790,2.46394286648137,4.47446183714783,15.0215663907584
435,Winchester,VA,433780,1.80045302306826,4.17030064790742,13.5479586244328
