year,event,strat,geoid,geolab,denom,observed_benes,observed,predicted,obspred_ratio,crude,adj,se,l95,u95,popunit,geotype,suppr_limit,precision_limit
2011,HIPREP,ALL,426,VA- ARLINGTON,184093,666,684,681.247225191213,1.00404078682011,3.71551335466313,3.78123716107254,0.136940104260655,3.50814651265279,4.07558647186155,1000,hrr,11,26
2011,HIPREP,ALL,427,VA- CHARLOTTESVILLE,77211,289,295,290.691042309528,1.01482315263738,3.82069912318193,3.82323934858119,0.2108063134917,3.41086789427449,4.28546621259534,1000,hrr,11,26
2011,HIPREP,ALL,428,VA- LYNCHBURG,38085,149,152,139.947302466074,1.08612311435476,3.99107260076145,4.08104485551935,0.313452116701463,3.4811733660127,4.78428545827849,1000,hrr,11,26
2011,HIPREP,ALL,429,VA- NEWPORT NEWS,69717,306,312,246.733158397636,1.26452399842091,4.47523559533543,4.73123888740747,0.25368413287614,4.23422524224712,5.28659202783389,1000,hrr,11,26
2011,HIPREP,ALL,430,VA- NORFOLK,134577,466,476,470.412633068217,1.01187758690777,3.53700855272446,3.78290742878768,0.164245710420363,3.45776213684107,4.13862725324727,1000,hrr,11,26
2011,HIPREP,ALL,431,VA- RICHMOND,191206,704,726,670.178970295584,1.08329272056955,3.7969519784944,4.0524201167742,0.14248395031048,3.76796700256204,4.35834729754001,1000,hrr,11,26
2011,HIPREP,ALL,432,VA- ROANOKE,97678,354,363,371.459998458847,0.977225008092535,3.7162923073773,3.68457413934236,0.183160823523702,3.32429991145424,4.08389343618865,1000,hrr,11,26
2011,HIPREP,ALL,435,VA- WINCHESTER,55078,180,184,210.407636699275,0.874492974145143,3.34071680162678,3.29931806776556,0.230342391908405,2.85537831953548,3.81227931787867,1000,hrr,11,26
