year,event,strat,geoid,geolab,denom,observed_benes,observed,predicted,obspred_ratio,crude,adj,se,l95,u95,popunit,geotype,suppr_limit,precision_limit
2008,HIPREP,ALL,426,VA- ARLINGTON,161089,577,594,563.471885588327,1.05417859380828,3.68740261594522,3.77052280111798,0.14653978807885,3.47910850859684,4.08634630354901,1000,hrr,11,26
2008,HIPREP,ALL,427,VA- CHARLOTTESVILLE,71791,226,236,255.725696232151,0.922863847776002,3.28732013762171,3.30188730044466,0.203565376783957,2.90634241349316,3.75126471479111,1000,hrr,11,26
2008,HIPREP,ALL,428,VA- LYNCHBURG,33697,106,106,116.915185264855,0.906640140541814,3.14568062438793,3.23357447018841,0.297435679689678,2.67302516747386,3.91167430126956,1000,hrr,11,26
2008,HIPREP,ALL,429,VA- NEWPORT NEWS,65369,269,275,217.807553691647,1.26258247401888,4.20688705655586,4.48481641931553,0.25615961963879,3.98478353728692,5.0475962186535,1000,hrr,11,26
2008,HIPREP,ALL,430,VA- NORFOLK,127173,422,437,420.798330444757,1.03850221919398,3.43626398685255,3.68516873303312,0.1670110009219,3.35522388743375,4.0475595806848,1000,hrr,11,26
2008,HIPREP,ALL,431,VA- RICHMOND,179777,592,605,597.458789654616,1.01262214311006,3.36528031950694,3.59625974737626,0.138523826578902,3.3206890269406,3.89469898134791,1000,hrr,11,26
2008,HIPREP,ALL,432,VA- ROANOKE,96530,254,261,347.854378824239,0.750313970122181,2.70382264580959,2.68699432095884,0.157531236917473,2.37995825856882,3.03364080225792,1000,hrr,11,26
2008,HIPREP,ALL,435,VA- WINCHESTER,50425,149,157,182.159116842318,0.861883844858028,3.11353495290035,3.08887569494667,0.233479761507833,2.64154772690361,3.61195558257669,1000,hrr,11,26
