year,event,strat,geoid,geolab,denom,observed_benes,observed,predicted,obspred_ratio,crude,adj,se,l95,u95,popunit,geotype,suppr_limit,precision_limit
2012,HIPREP,ALL,426,VA- ARLINGTON,194779,769,790,745.436839441881,1.059781269452,4.05587871382439,4.11054025609224,0.138568378557491,3.83357363183615,4.40751706361827,1000,hrr,11,26
2012,HIPREP,ALL,427,VA- CHARLOTTESVILLE,79689,309,313,309.453656244716,1.01146001568803,3.92776920277579,3.92465132406794,0.210147767901837,3.51301903754369,4.38451595362772,1000,hrr,11,26
2012,HIPREP,ALL,428,VA- LYNCHBURG,37365,140,142,141.17701836304,1.00582943064319,3.8003479191757,3.89077228127604,0.309272945190252,3.30065745095688,4.58639200513138,1000,hrr,11,26
2012,HIPREP,ALL,429,VA- NEWPORT NEWS,71529,318,324,261.662002164221,1.23823863350497,4.5296313383383,4.77255544521678,0.25118993849386,4.28007406537289,5.32170358030568,1000,hrr,11,26
2012,HIPREP,ALL,430,VA- NORFOLK,137901,474,489,496.68360285036,0.984530186206539,3.54602214632236,3.79151384471315,0.162460695990982,3.469807426099,4.14304757276214,1000,hrr,11,26
2012,HIPREP,ALL,431,VA- RICHMOND,197335,757,774,712.816736686163,1.08583309028106,3.92226417006613,4.18382637071008,0.142512392532368,3.8990791267426,4.4893685229909,1000,hrr,11,26
2012,HIPREP,ALL,432,VA- ROANOKE,101476,376,387,397.523304353858,0.973527830347045,3.81370964563049,3.7803959814474,0.182059168470378,3.42182487426137,4.17654155361431,1000,hrr,11,26
2012,HIPREP,ALL,435,VA- WINCHESTER,57977,182,188,228.48324726419,0.822817437387959,3.24266519481863,3.1971560973795,0.22088822905906,2.77124340203959,3.68852736049379,1000,hrr,11,26
