HRR Number,HRR Name,Medicare enrollees (2014),Total Mortality: ASR-adjusted % of deaths among Medicare enrollees (2014),Non-HMO Mortality: ASR-adjusted % of deaths among Medicare enrollees without HMO coverage (2014)
426,VA-Arlington,235730,3.52609713489791,3.56165497678879
427,VA-Charlottesville,93476,4.19354140696216,4.27034027918919
428,VA-Lynchburg,47224,4.48551643965827,4.60074586910517
429,VA-Newport News,85743,4.09513737733765,4.1219592885172
430,VA-Norfolk,163073,4.47643709398794,4.59900638701868
431,VA-Richmond,242963,4.33739951573624,4.47674567987577
432,VA-Roanoke,120945,4.69413315094494,4.8258058525946
435,VA-Winchester,69315,4.87719228730435,4.91407245866969
