HRR Number,HRR Name,Medicare enrollees (2005),Total Mortality: ASR-adjusted % of deaths among Medicare enrollees (2005),Non-HMO Mortality: ASR-adjusted % of deaths among Medicare enrollees without HMO coverage (2005)
426,VA-Arlington,145966,4.4647243983644,4.49747046772145
427,VA-Charlottesville,69689,4.98110115801677,4.99305554941087
428,VA-Lynchburg,34979,4.82356214349748,4.88458632237838
429,VA-Newport News,63676,4.69740061671926,4.73512733939694
430,VA-Norfolk,127265,5.23613265869587,5.26489850561719
431,VA-Richmond,179058,5.21314692958587,5.22283584130995
432,VA-Roanoke,101501,5.43546905284117,5.43689895724173
435,VA-Winchester,48998,5.43089690994582,5.44881708215828
