year,event,strat,geoid,geolab,denom,observed_benes,observed,predicted,obspred_ratio,crude,adj,se,l95,u95,popunit,geotype,suppr_limit,precision_limit,nbad
2006,CASOC,ALL,51,VA-Virginia,716867,29046,50028,71847.2058195129,0.696311003738617,69.7870037259352,71.7427309915542,0.305503278261617,71.1162477168196,72.3747331358315,1000,state,11,26,0
