HRR Number,HRR Name,Medicare enrollees (2012),Total Mortality: ASR-adjusted % of deaths among Medicare enrollees (2012),Non-HMO Mortality: ASR-adjusted % of deaths among Medicare enrollees without HMO coverage (2012)
426,VA-Arlington,212067,3.68127790528036,3.72410141511429
427,VA-Charlottesville,85710,4.34586077782176,4.44195330534936
428,VA-Lynchburg,42487,4.57544172042328,4.7830324527176
429,VA-Newport News,79085,4.28480520653215,4.34299934626708
430,VA-Norfolk,151675,4.59297883378718,4.74536905209949
431,VA-Richmond,223912,4.54296448116078,4.67187572034877
432,VA-Roanoke,116777,5.04578947508892,5.15580632988945
435,VA-Winchester,63541,4.96053786663821,5.14936801571102
