year,event,strat,geoid,geolab,Denominator,Observed Individuals,Observed Events,Expected Events,OE Ratio,Crude Rate,Adjusted Rate,Standard Error,Lower 95 CI,Upper 95 CI,Population Unit,geotype,Suppression Limit,Precision Limit,Statistically Insignificant
2012,ElTe,ALL,426,VA- ARLINGTON,160346,294,309,335.522055718353,0.920952869516822,1.92708268369651,1.92949570450496,0.0969649787171882,1.72577538519429,2.15726432630975,1000,hrr,11,26,0
2012,ElTe,ALL,427,VA- CHARLOTTESVILLE,73943,159,168,155.412554180388,1.08099375166952,2.27202033999162,2.26479999359358,0.154305355769361,1.94684223453683,2.6346865298008,1000,hrr,11,26,0
2012,ElTe,ALL,428,VA- LYNCHBURG,35091,63,65,72.0377364863228,0.902304863678511,1.8523268074435,1.89365786678174,0.207364763042693,1.48493321167286,2.41488309927731,1000,hrr,11,26,0
2012,ElTe,ALL,429,VA- NEWPORT NEWS,65878,82,85,133.531788837134,0.636552544830149,1.29026382100246,1.33856890629944,0.128196651814071,1.08215427767867,1.65574054815473,1000,hrr,11,26,0
2012,ElTe,ALL,430,VA- NORFOLK,126783,184,201,251.26437254213,0.799954239299477,1.58538605333523,1.68268649864456,0.104835328438937,1.46529677256034,1.93232791182177,1000,hrr,11,26,0
2012,ElTe,ALL,431,VA- RICHMOND,180130,452,469,358.521234521401,1.30815124695774,2.6036751235219,2.75110120211949,0.112298101701489,2.51272432483309,3.01209239290747,1000,hrr,11,26,0
2012,ElTe,ALL,432,VA- ROANOKE,95160,178,191,199.908248166036,0.955438316088704,2.00714585960488,2.00063927388556,0.127846792812385,1.73599196781447,2.30563134992634,1000,hrr,11,26,0
2012,ElTe,ALL,435,VA- WINCHESTER,53203,78,84,115.59329078197,0.726685774163479,1.57885833505629,1.52088463894609,0.146521896571883,1.2279948115324,1.88363180630682,1000,hrr,11,26,0
