HRR Number,HRR Name,Medicare enrollees (2006),Total Mortality: ASR-adjusted % of deaths among Medicare enrollees (2006),Non-HMO Mortality: ASR-adjusted % of deaths among Medicare enrollees without HMO coverage (2006)
426,VA-Arlington,152933,4.39622132071118,4.44574020182877
427,VA-Charlottesville,71510,4.94543217601056,5.04344630481438
428,VA-Lynchburg,36226,5.00518828451172,5.13877359373508
429,VA-Newport News,65513,4.61561545944134,4.73887213758113
430,VA-Norfolk,129271,5.04181577540577,5.17641604817158
431,VA-Richmond,183125,5.02198807385448,5.13905532952654
432,VA-Roanoke,103216,5.39547881389925,5.52099761823506
435,VA-Winchester,50517,5.30491471570343,5.42718135243624
