GEOID,HRR name,State,Percent of male beneficiaries age 75 and over having screening PSA,Percent of female beneficiaries age 75 and over having screening mammogram,Percent of decedents enrolled in hospice in the last 3 days of life,Percent of beneficiaries with dementia receiving a feeding tube during the last 6 months of life,Average number of ICU days per decedent during the last 6 months of life
426,Arlington,VA,18.4669251910696,18.7982277094638,16.888415071649,4.36980301048806,4.06265906643483
427,Charlottesville,VA,15.4644683611938,26.2527896124975,11.2332715176565,3.4648880161655,2.61807003640882
428,Lynchburg,VA,14.247311827957,21.8618807724601,11.5718264126831,2.14067085070667,3.07711789023799
429,Newport News,VA,20.2390438247012,30.2503921454714,15.082805651179,4.04715908956888,3.48032616859439
430,Norfolk,VA,17.8170836928387,28.6065286065286,13.9933208359151,4.13147352662409,4.27840348964147
431,Richmond,VA,17.5299212329935,24.5251212893677,17.6445999720174,4.86194616489986,4.90767283894697
432,Roanoke,VA,16.0355781448539,26.0896255371393,12.2584340013819,4.78210415819502,3.8644023625685
435,Winchester,VA,10.8117564730581,22.0177614209137,12.1561970432059,4.44757040741079,1.89089013135988
