GEOID,HRR name,State,Total* Medicare beneficiaries age 65-99,Percent of U.S. population age 75 and older (2010),Percent of Medicare beneficiaries whose race was non-Hispanic white,Percent of Medicare beneficiaries whose race was black,Percent of Medicare beneficiaries whose race was Hispanic,Percent of Medicare beneficiaries receiving fee-for-service care,Percent of Medicare beneficiaries living in nursing homes,Percent of Medicare beneficiaries eligible for Medicaid
426,Arlington,VA,202625,3.5441140779,76.1070943861814,7.42504626773597,4.74916718075262,88.4421961752005,1.54966070326959,6.36101172115978
427,Charlottesville,VA,84166,6.5905277515,90.7789368628662,6.98381769360549,0.645153624979208,88.1329753106955,2.7065560915334,6.14499916831024
428,Lynchburg,VA,41316,7.3203366888,83.2244166908704,15.2507503146481,0.459870268176977,83.2437796495305,2.76890308839191,7.64594830090038
429,Newport News,VA,77950,5.8543847258,73.6882617062219,22.989095574086,1.04297626683772,85.7639512508018,2.06542655548428,5.09300833867864
430,Norfolk,VA,148393,5.1150332668,70.5606059585021,24.3771606477394,1.75816918587804,85.8605190271778,2.35388461719892,7.62839217483304
431,Richmond,VA,218113,5.4406480016,73.9029768972964,23.0907832178733,0.884862433692627,83.1458922668525,2.32356622484675,6.80197879081027
432,Roanoke,VA,115073,7.2380699226,92.9705491296829,5.57298410574157,0.338046283663414,81.9088752357199,2.84949553761525,6.93994247130083
435,Winchester,VA,61209,5.8488173729,94.91904785244,3.21684719567384,0.674737375222598,85.7929389468869,2.36729892662844,5.96644284337271
