GEOID,HRR name,State,Fee-for-service Medicare beneficiaries*,Average number of contact days with the health care system per beneficiary,Percent of beneficiaries whose predominant provider was a primary care physician,Average number of unique clinicians seen per beneficiary,Percent of beneficiaries having an annual wellness visit,Average number of inpatient days per beneficiary
426,Arlington,VA,149768,16.7915941115988,55.1012725668659,3.47516619687084,11.3854892436249,3.36848986702119
427,Charlottesville,VA,69411,14.600986120026,65.207709647748,3.31933597528845,13.6867290256657,3.97583332262182
428,Lynchburg,VA,32618,15.1447278927159,63.484394111287,3.43291430575436,7.23596969908273,4.32255160660601
429,Newport News,VA,62150,18.2563218844643,60.2712368370444,3.85696973199316,12.295946584996,3.46252204730222
430,Norfolk,VA,118209,17.7695510243333,62.8414101137263,3.77061113258831,7.38591326695139,4.34587181144152
431,Richmond,VA,167209,16.0694001914514,62.5457067906974,3.49259085101653,8.30665926637186,4.24533070894858
432,Roanoke,VA,89269,15.260581350967,61.6093098256329,3.25784513789211,8.25792669161218,4.93318863226132
435,Winchester,VA,48703,14.7341690179234,63.8523834837152,3.05656822967999,4.85726883849332,4.26971731372036
