GEOID,HRR name,State,Percent of beneficiaries filling prescriptions for high-risk medications,Percent of diabetic beneficiaries age 65-75 receiving recommended tests,Percent of beneficiaries admitted for an ambulatory care-sensitive condition,Percent of beneficiaries readmitted within 30 days following medical discharge
426,Arlington,VA,17.5851469547238,53.6692759295499,3.12642463676398,15.1126382071422
427,Charlottesville,VA,15.5682925795849,59.3967257232563,3.89112695771071,15.1452740987969
428,Lynchburg,VA,20.4416285075416,60.1118568232662,4.09733363467294,15.0631540782496
429,Newport News,VA,19.1448432196525,61.8873445501097,3.12389621428229,14.5365060815695
430,Norfolk,VA,19.9197125034078,57.7722908093278,3.71713147677485,14.3938389464542
431,Richmond,VA,19.2622045490436,57.4397410782727,3.95735523941456,15.7954074668032
432,Roanoke,VA,20.0865713514666,56.1767286067469,4.6615104393947,15.269861847374
435,Winchester,VA,17.0471992804758,52.2002820874471,5.26058148831801,15.6134624950459
