HRR Number,HRR Name,Medicare enrollees (2008),Total Mortality: ASR-adjusted % of deaths among Medicare enrollees (2008),Non-HMO Mortality: ASR-adjusted % of deaths among Medicare enrollees without HMO coverage (2008)
426,VA-Arlington,172357,4.0460710244491,4.08395458561859
427,VA-Charlottesville,76194,4.64157437719228,4.76938123367254
428,VA-Lynchburg,38203,4.9053392471479,5.21123349160621
429,VA-Newport News,69996,4.55565370898786,4.61102167739422
430,VA-Norfolk,136054,4.86600709328901,4.94949481694959
431,VA-Richmond,194799,4.89638640314547,5.02804501764417
432,VA-Roanoke,107489,5.33978251517491,5.49041857055029
435,VA-Winchester,54264,5.29870274813692,5.4219746256231
