HRR Number,HRR Name,Medicare enrollees (2013),Total Mortality: ASR-adjusted % of deaths among Medicare enrollees (2013),Non-HMO Mortality: ASR-adjusted % of deaths among Medicare enrollees without HMO coverage (2013)
426,VA-Arlington,222949,3.69631709121187,3.73299215994703
427,VA-Charlottesville,89388,4.39176657788564,4.43681228234654
428,VA-Lynchburg,46168,4.32465566932486,4.48663595672138
429,VA-Newport News,81905,4.18996211748943,4.2695177890064
430,VA-Norfolk,157025,4.65863682099652,4.77931692429761
431,VA-Richmond,233649,4.46262067890302,4.56621216275413
432,VA-Roanoke,118026,4.96064797350527,5.10313831649436
435,VA-Winchester,66779,4.77861834320931,4.89854872381117
