HRR Name,State,Number of Medicare beneficiaries,"Inpatient decompression for lumbar spinal stenosis per 100,000 Medicare beneficiaries","Inpatient fusion for lumbar spinal stenosis per 100,000 Medicare beneficiaries"
Arlington,VA,866789,52.4598252998365,66.489686734713
Charlottesville,VA,400815,99.2403710177747,48.5093409892417
Lynchburg,VA,197415,150.957585507878,27.8988391966167
Newport News,VA,362626,104.508153676721,87.4370978599441
Norfolk,VA,726543,55.9571250256933,67.93227718161
Richmond,VA,1016211,81.9756550693153,64.3074674151469
Roanoke,VA,547605,95.6091203973223,29.0221428188075
Winchester,VA,278536,89.636171819545,44.7512534654307
