HRR Number,HRR Name,Medicare enrollees (2002),Total Mortality: ASR-adjusted % of deaths among Medicare enrollees (2002),Non-HMO Mortality: ASR-adjusted % of deaths among Medicare enrollees without HMO coverage (2002)
426,VA-Arlington               ,134757,4.79257336878606,4.8609326073856
427,VA-Charlottesville         ,66326,5.05617909341309,5.08375101163868
428,VA-Lynchburg               ,34810,5.12671147945093,5.14527904152967
429,VA-Newport News            ,59677,5.17280650625914,5.16069063914012
430,VA-Norfolk                 ,123365,5.57946635650624,5.59125725623054
431,VA-Richmond                ,170193,5.5025247853994,5.51797081738029
432,VA-Roanoke                 ,96495,5.72634448612882,5.73492022319912
435,VA-Winchester              ,45371,5.69387447845463,5.73228028919993
