HRR Number,HRR Name,Medicare enrollees (2009),Total Mortality: ASR-adjusted % of deaths among Medicare enrollees (2009),Non-HMO Mortality: ASR-adjusted % of deaths among Medicare enrollees without HMO coverage (2009)
426,VA-Arlington,181008,3.9483945008144,4.00301986510963
427,VA-Charlottesville,78135,4.57057363561357,4.69171865022903
428,VA-Lynchburg,39042,4.51082745391639,4.66796993708461
429,VA-Newport News,72127,4.49367070637334,4.62893809060129
430,VA-Norfolk,139351,4.80523740336631,4.90080432949744
431,VA-Richmond,200908,4.64589414465953,4.78413108412469
432,VA-Roanoke,109377,5.06692686991041,5.14212419454169
435,VA-Winchester,55894,5.07655983346624,5.25007899016667
