year,event,strat,geoid,geolab,denom,observed_benes,observed,predicted,obspred_ratio,crude,adj,se,l95,u95,popunit,geotype,suppr_limit,precision_limit,nbad
2013,DEFIB,age75_79,426,VA- ARLINGTON,29133,34,34,68.6229685006142,0.495460933021218,1.16706140802526,1.1526426569971,0.168242687125373,0.823437174187137,1.61346261302916,1000,hrr,11,26,0
2013,DEFIB,age75_79,427,VA- CHARLOTTESVILLE,13987,29,29,32.6259294506932,0.88886356613463,2.07335382855509,2.06775109891193,0.326762915780058,1.4366799961685,2.9760243188839,1000,hrr,11,26,0
2013,DEFIB,age75_79,428,VA- LYNCHBURG,7208,18,18,16.9335969385611,1.06297557839059,-2.49722530521643,-2.47769302847204,-0.496920287137845,-1.56081052515831,-3.93318897097795,1000,hrr,11,26,0
2013,DEFIB,age75_79,429,VA- NEWPORT NEWS,12696,31,31,30.3478998974354,1.02148748693545,2.44171392564587,2.38737662788229,0.365073437180155,1.67840283985869,3.39582788351246,1000,hrr,11,26,0
2013,DEFIB,age75_79,430,VA- NORFOLK,22886,45,46,54.2088762751838,0.848569517775786,2.00996242244167,1.98416674655621,0.249212718321637,1.48555935083524,2.65012480041673,1000,hrr,11,26,0
2013,DEFIB,age75_79,431,VA- RICHMOND,32566,100,100,77.0517334291816,1.29782933555817,3.07068721979979,3.03350385134475,0.25880114614125,2.4921310476505,3.69248062809493,1000,hrr,11,26,0
2013,DEFIB,age75_79,432,VA- ROANOKE,17064,37,37,39.2293648954583,0.943171017389669,2.16830754805438,2.1924855701588,0.306771002527556,1.58825424909123,3.02658908553529,1000,hrr,11,26,0
2013,DEFIB,age75_79,435,VA- WINCHESTER,9966,22,22,23.5689062069626,0.933433219463569,-2.2075055187638,-2.16803281784515,-0.393339580838811,-1.42729110464266,-3.2932078704648,1000,hrr,11,26,0
