year,event,strat,geoid,geolab,denom,observed_benes,observed,predicted,obspred_ratio,crude,adj,se,l95,u95,popunit,geotype,suppr_limit,precision_limit,nbad
2013,DEFIB,age80_84,426,VA- ARLINGTON,20988,39,39,49.8712519674336,0.782013654388853,1.85820468839337,1.82521633760841,0.242906213200921,1.33314367881281,2.49891645740642,1000,hrr,11,26,0
2013,DEFIB,age80_84,427,VA- CHARLOTTESVILLE,10593,25,25,25.1233769453434,0.995089157575759,-2.36004908902105,-2.32256412960843,-0.385919240291077,-1.56898719472635,-3.43808040898929,1000,hrr,11,26,0
2013,DEFIB,age80_84,428,VA- LYNCHBURG,5479,14,14,12.8560875153753,1.08897827455333,-2.5552108048914,-2.54730695738146,-0.565462069141145,-1.50835210518992,-4.30189523573275,1000,hrr,11,26,0
2013,DEFIB,age80_84,429,VA- NEWPORT NEWS,9195,17,17,21.8269458439131,0.778853813152279,-1.84883088635128,-1.82629034518623,-0.368001865586719,-1.13498291401168,-2.93866663871746,1000,hrr,11,26,0
2013,DEFIB,age80_84,430,VA- NORFOLK,17694,37,39,40.7878826599755,0.956166328248023,2.20413699559173,2.24392781987805,0.298791377794641,1.63869329508491,3.07269949533892,1000,hrr,11,26,0
2013,DEFIB,age80_84,431,VA- RICHMOND,24811,70,70,57.591336001371,1.21546060328126,2.82132924912337,2.8515440915505,0.283738490319097,2.25459751808002,3.60654335900318,1000,hrr,11,26,0
2013,DEFIB,age80_84,432,VA- ROANOKE,12976,24,24,29.6466650915963,0.809534560661363,-1.84956843403206,-1.88815265793279,-0.320169736693486,-1.26530746026213,-2.81759222293693,1000,hrr,11,26,0
2013,DEFIB,age80_84,435,VA- WINCHESTER,7031,19,20,16.7132544011712,1.19665503318124,-2.84454558384298,-2.78849697715542,-0.517984773951912,-1.79858578345654,-4.32323854837854,1000,hrr,11,26,0
