year,event,strat,geoid,geolab,denom,observed_benes,observed,predicted,obspred_ratio,crude,adj,se,l95,u95,popunit,geotype,suppr_limit,precision_limit,nbad
2013,DEFIB,age85plu,51,VA-Virginia,125490,124,125,145.707560093446,0.857882733880346,0.996095306398916,1.02778114589855,0.0700853974031103,0.861437425797043,1.22624586793076,1000,state,11,26,0
