year,event,strat,geoid,geolab,denom,observed_benes,observed,predicted,obspred_ratio,crude,adj,se,l95,u95,popunit,geotype,suppr_limit,precision_limit
2007,STRAB,ALL,426,VA- ARLINGTON,136915,13,34,54.140292513799,0.627998084630486,0.248329255377424,0.251922114094274,0.0407935786352128,0.179995435138168,0.352590894991376,1000,hrr,11,26
2007,STRAB,ALL,427,VA- CHARLOTTESVILLE,67690,-99999,-99999,-99999,-99999,-99999,-99999,-99999,-99999,-99999,1000,hrr,11,26
2007,STRAB,ALL,428,VA- LYNCHBURG,32695,-99999,-99999,-99999,-99999,-99999,-99999,-99999,-99999,-99999,1000,hrr,11,26
2007,STRAB,ALL,429,VA- NEWPORT NEWS,60528,-99999,-99999,-99999,-99999,-99999,-99999,-99999,-99999,-99999,1000,hrr,11,26
2007,STRAB,ALL,430,VA- NORFOLK,118891,12,28,43.3732849441536,0.645558666724278,0.235509836741217,0.256435860447286,0.0457605307021774,0.177043320035429,0.371430848168575,1000,hrr,11,26
2007,STRAB,ALL,431,VA- RICHMOND,168947,42,130,61.9740919344025,2.09765074311376,0.769472082960929,0.833931071530141,0.0691103167214199,0.702113214074545,0.990496999803756,1000,hrr,11,26
2007,STRAB,ALL,432,VA- ROANOKE,92828,-99999,-99999,-99999,-99999,-99999,-99999,-99999,-99999,-99999,1000,hrr,11,26
2007,STRAB,ALL,435,VA- WINCHESTER,46600,-99999,-99999,-99999,-99999,-99999,-99999,-99999,-99999,-99999,1000,hrr,11,26
