year,event,strat,geoid,geolab,denom,observed_benes,observed,predicted,obspred_ratio,crude,adj,se,l95,u95,popunit,geotype,suppr_limit,precision_limit
2010,STRAB,ALL,426,VA- ARLINGTON,149445,24,96,59.4944053397719,1.61359710130297,0.642376794138312,0.649584680841768,0.0608164470409765,0.531720372336153,0.793575494823319,1000,hrr,11,26
2010,STRAB,ALL,427,VA- CHARLOTTESVILLE,68734,-99999,-99999,-99999,-99999,-99999,-99999,-99999,-99999,-99999,1000,hrr,11,26
2010,STRAB,ALL,428,VA- LYNCHBURG,32471,-99999,-99999,-99999,-99999,-99999,-99999,-99999,-99999,-99999,1000,hrr,11,26
2010,STRAB,ALL,429,VA- NEWPORT NEWS,63191,15,37,23.3286566828448,1.58603217077684,0.585526419901568,0.638220895853788,0.096187416031036,0.462379035405227,0.880935078614524,1000,hrr,11,26
2010,STRAB,ALL,430,VA- NORFOLK,121103,26,61,43.5978885743451,1.39915032573149,0.503703459039,0.562779239332228,0.0660657490015118,0.437835367896917,0.72337799877768,1000,hrr,11,26
2010,STRAB,ALL,431,VA- RICHMOND,169352,31,88,61.3995112222705,1.43323616504754,0.519627757570032,0.576523946128987,0.0563556564566425,0.467769367590934,0.71056354581732,1000,hrr,11,26
2010,STRAB,ALL,432,VA- ROANOKE,92303,-99999,-99999,-99999,-99999,-99999,-99999,-99999,-99999,-99999,1000,hrr,11,26
2010,STRAB,ALL,435,VA- WINCHESTER,47993,-99999,-99999,-99999,-99999,-99999,-99999,-99999,-99999,-99999,1000,hrr,11,26
