HRR Number,HRR Name,Medicare enrollees (2004),Total Mortality: ASR-adjusted % of deaths among Medicare enrollees (2004),Non-HMO Mortality: ASR-adjusted % of deaths among Medicare enrollees without HMO coverage (2004)
426,VA-Arlington,142136,4.57921029205681,4.58929659975556
427,VA-Charlottesville,68235,4.84749660593304,4.855387113063
428,VA-Lynchburg,34248,5.11417731301902,5.13296292951478
429,VA-Newport News,62130,4.95128203237209,4.93269636860536
430,VA-Norfolk,126153,5.26493700161071,5.25104830879373
431,VA-Richmond,175643,5.18660635741366,5.17566709730552
432,VA-Roanoke,100141,5.35327729773385,5.31861047255094
435,VA-Winchester,47834,5.59342567688815,5.59085337781173
