HRR Number,HRR Name,Medicare enrollees (2007),Total Mortality: ASR-adjusted % of deaths among Medicare enrollees (2007),Non-HMO Mortality: ASR-adjusted % of deaths among Medicare enrollees without HMO coverage (2007)
426,VA-Arlington,158874,4.30280153998076,4.38133544144196
427,VA-Charlottesville,73387,4.7746461330076,4.93725079232437
428,VA-Lynchburg,36984,4.73334462600071,4.9308264340836
429,VA-Newport News,67260,4.60000879336763,4.65927428973261
430,VA-Norfolk,131448,5.21139595381842,5.33760245854459
431,VA-Richmond,187825,5.00566298983584,5.12925897024242
432,VA-Roanoke,104846,5.31724032004769,5.47647938759023
435,VA-Winchester,52261,5.23768212097054,5.47778258161598
