year,event,strat,geoid,geolab,denom,observed_benes,observed,predicted,obspred_ratio,crude,adj,se,l95,u95,popunit,geotype,suppr_limit,precision_limit
2010,KNREP,ALL,426,VA- ARLINGTON,173548,1403,1466,1511.24925337152,0.970058378344557,8.44723073731763,8.44317752205984,0.200824372350256,8.0215540846883,8.88696204206751,1000,hrr,11,26
2010,KNREP,ALL,427,VA- CHARLOTTESVILLE,73322,628,646,640.850288035176,1.00803574884957,8.81045252448106,8.77566716827114,0.314313734195973,8.12418086417608,9.4793968199134,1000,hrr,11,26
2010,KNREP,ALL,428,VA- LYNCHBURG,34201,263,270,292.46607041392,0.923184011115803,7.89450600859624,8.01856965965253,0.444152978001902,7.1168528746072,9.03453542170475,1000,hrr,11,26
2010,KNREP,ALL,429,VA- NEWPORT NEWS,67792,570,590,569.379113874652,1.03621644282844,8.7030918102431,8.97577455367996,0.336422631852591,8.2796950295439,9.73037395109548,1000,hrr,11,26
2010,KNREP,ALL,430,VA- NORFOLK,129849,1177,1217,1073.39683300899,1.13378385567662,9.37242489353018,9.81290320169069,0.256219080868618,9.27631367745585,10.3805318140299,1000,hrr,11,26
2010,KNREP,ALL,431,VA- RICHMOND,182935,1516,1554,1515.12673482956,1.02565677462936,8.49482056468144,8.88095847090727,0.205235530948086,8.44976293051873,9.33415813088826,1000,hrr,11,26
2010,KNREP,ALL,432,VA- ROANOKE,97370,757,786,859.393964582144,0.914597998581675,8.07230153024546,7.96750900478373,0.25873729173911,7.42930742724418,8.5446995380103,1000,hrr,11,26
2010,KNREP,ALL,435,VA- WINCHESTER,51810,467,478,463.07097310341,1.03223917663536,9.22601814321559,8.9984451094377,0.374669235126597,8.22664349247838,9.8426550830355,1000,hrr,11,26
