year,event,strat,geoid,geolab,denom,observed_benes,observed,predicted,obspred_ratio,crude,adj,se,l95,u95,popunit,geotype,suppr_limit,precision_limit
2011,KNREP,ALL,426,VA- ARLINGTON,184093,1474,1541,1511.42912179014,1.01956484613373,8.37076912212849,8.35020144556146,0.19331483693352,7.9431983032945,8.77805910404343,1000,hrr,11,26
2011,KNREP,ALL,427,VA- CHARLOTTESVILLE,77211,629,652,635.631243203701,1.02575197014199,8.44439263835464,8.40259319107176,0.298915174035902,7.7815535841298,9.07319747545517,1000,hrr,11,26
2011,KNREP,ALL,428,VA- LYNCHBURG,38085,284,295,308.013688130262,0.957749643500394,7.7458316922673,7.8291472975736,0.413977463906049,6.98470982074586,8.77567557997113,1000,hrr,11,26
2011,KNREP,ALL,429,VA- NEWPORT NEWS,69717,619,638,551.141170092111,1.15759815201861,9.1512830443077,9.43206961093721,0.339244106483128,8.72753578261571,10.1934772152721,1000,hrr,11,26
2011,KNREP,ALL,430,VA- NORFOLK,134577,1116,1156,1047.92495048467,1.10313243278094,8.58987791375941,8.98189606143928,0.240101032191847,8.47832197517209,9.51538017720315,1000,hrr,11,26
2011,KNREP,ALL,431,VA- RICHMOND,191206,1593,1645,1490.28397271488,1.10381647398601,8.60328650774557,8.99124402324,0.201537976850171,8.56659355733221,9.43694463200665,1000,hrr,11,26
2011,KNREP,ALL,432,VA- ROANOKE,97678,805,836,810.439655159012,1.0315388624906,8.55873379880833,8.45557847400915,0.265679397705433,7.9011410768657,9.04892174871645,1000,hrr,11,26
2011,KNREP,ALL,435,VA- WINCHESTER,55078,409,417,464.355860071724,0.89801817066676,7.57108101238244,7.36638076280737,0.327656671739188,6.69204483212535,8.10866736608888,1000,hrr,11,26
