year,event,strat,geoid,geolab,denom,observed_benes,observed,predicted,obspred_ratio,crude,adj,se,l95,u95,popunit,geotype,suppr_limit,precision_limit
2005,KNREP,ALL,426,VA- ARLINGTON,143454,983,1017,1154.33578866221,0.881026136405791,7.08938056798695,7.15151615448735,0.205431970710203,6.7250459879169,7.60503101388242,1000,hrr,11,26
2005,KNREP,ALL,427,VA- CHARLOTTESVILLE,72742,551,566,591.63669138498,0.956668185461983,7.78092436281653,7.76456193333223,0.298926116618219,7.15038078049561,8.43149810720614,1000,hrr,11,26
2005,KNREP,ALL,428,VA- LYNCHBURG,35657,268,276,281.784239350912,0.979472807406703,7.74041562666517,7.91921410736135,0.436541387955101,7.03784127803045,8.91096425746356,1000,hrr,11,26
2005,KNREP,ALL,429,VA- NEWPORT NEWS,65304,522,532,502.492382124914,1.05872251784257,8.14651476172976,8.52283865807544,0.338494662695127,7.82825189873604,9.27905485556916,1000,hrr,11,26
2005,KNREP,ALL,430,VA- NORFOLK,132351,1005,1050,1011.13593400262,1.03843604473984,7.93344969059546,8.3486658899237,0.236150901905175,7.85819586430213,8.86974864780434,1000,hrr,11,26
2005,KNREP,ALL,431,VA- RICHMOND,186846,1328,1361,1429.31466734973,0.952204599231883,7.28407351508729,7.662054631301,0.190384198973424,7.26519515552035,8.08059245709778,1000,hrr,11,26
2005,KNREP,ALL,432,VA- ROANOKE,103326,764,792,851.852162616697,0.929738791255932,7.66506010103943,7.55344933047274,0.24587006764511,7.04509343367341,8.09848688667711,1000,hrr,11,26
2005,KNREP,ALL,435,VA- WINCHESTER,51462,378,391,428.769999536513,0.911910815641624,7.59783918230928,7.41853971180892,0.343620827366911,6.71832340143697,8.19173596851779,1000,hrr,11,26
