year,event,strat,geoid,geolab,denom,observed_benes,observed,predicted,obspred_ratio,crude,adj,se,l95,u95,popunit,geotype,suppr_limit,precision_limit
2009,KNREP,ALL,426,VA- ARLINGTON,165023,1287,1343,1402.39292414978,0.95764887063603,8.13825951534029,8.15113357447724,0.202722673023096,7.72636877206899,8.59925024406755,1000,hrr,11,26
2009,KNREP,ALL,427,VA- CHARLOTTESVILLE,71772,594,618,613.691816491768,1.00702010910437,8.61060023407457,8.57307277279196,0.314201956801258,7.92292567894187,9.27657026531675,1000,hrr,11,26
2009,KNREP,ALL,428,VA- LYNCHBURG,33348,270,279,279.298118929118,0.998932613902804,8.36631881971932,8.48283516494076,0.462625520894739,7.54352079006256,9.53911236386463,1000,hrr,11,26
2009,KNREP,ALL,429,VA- NEWPORT NEWS,65726,585,602,539.136142188052,1.11660108253329,9.15923683169522,9.4531727018512,0.351074201752099,8.7271060803438,10.2396456864776,1000,hrr,11,26
2009,KNREP,ALL,430,VA- NORFOLK,127039,1085,1125,1028.28772418466,1.09405176541617,8.85554829619251,9.25456859732529,0.251532932381989,8.72882709010149,9.81197577160432,1000,hrr,11,26
2009,KNREP,ALL,431,VA- RICHMOND,178728,1486,1512,1447.70158539977,1.04441413565384,8.45978246273667,8.838969402896,0.207260774869084,8.40403675997853,9.29641103872697,1000,hrr,11,26
2009,KNREP,ALL,432,VA- ROANOKE,95594,726,757,824.605957245574,0.918014226490192,7.91890704437517,7.82096935861648,0.259015986946561,7.2829982644932,8.39867860557212,1000,hrr,11,26
2009,KNREP,ALL,435,VA- WINCHESTER,50181,419,435,438.827624673548,0.991277612305298,8.66861959705865,8.45198822160785,0.369206816162219,7.69370146181681,9.28501128523496,1000,hrr,11,26
