year,event,strat,geoid,geolab,denom,observed_benes,observed,predicted,obspred_ratio,crude,adj,se,l95,u95,popunit,geotype,suppr_limit,precision_limit
2003,KNREP,ALL,426,VA- ARLINGTON,137302,715,741,908.468205315227,0.815658705130889,5.39686239093385,5.43248951842893,0.183307101434995,5.05495653006761,5.83821882390063,1000,hrr,11,26
2003,KNREP,ALL,427,VA- CHARLOTTESVILLE,70428,409,425,468.748454764753,0.906669655504873,6.0345317203385,6.03644049728088,0.268910816441415,5.48886359086797,6.63864446145773,1000,hrr,11,26
2003,KNREP,ALL,428,VA- LYNCHBURG,35511,216,220,229.745896483123,0.957579671139682,6.19526343949762,6.34760805902373,0.392984502863676,5.56179991272545,7.2444404155558,1000,hrr,11,26
2003,KNREP,ALL,429,VA- NEWPORT NEWS,64134,393,403,403.370789360907,0.999080772900054,6.28371846446503,6.58884242559835,0.301480106784531,5.9757238816938,7.26486788359764,1000,hrr,11,26
2003,KNREP,ALL,430,VA- NORFOLK,131659,787,819,826.423801768183,0.991016955522942,6.22061537760427,6.5277121250378,0.209638931564908,6.09520514699208,6.99090917528732,1000,hrr,11,26
2003,KNREP,ALL,431,VA- RICHMOND,182212,1114,1141,1144.33434379545,0.997086215393669,6.26193664522644,6.57532213993923,0.17893432194302,6.20424588086582,6.96859248878472,1000,hrr,11,26
2003,KNREP,ALL,432,VA- ROANOKE,101695,579,591,687.462251679876,0.859683565978842,5.81149515708737,5.72919492863217,0.216462407210417,5.2852700851769,6.21040628033788,1000,hrr,11,26
2003,KNREP,ALL,435,VA- WINCHESTER,48945,321,333,333.839998468614,0.997483829162272,6.80355501072633,6.65838841524246,0.335102757066391,5.98015236879776,7.41354627008407,1000,hrr,11,26
