year,event,strat,geoid,geolab,denom,observed_benes,observed,predicted,obspred_ratio,crude,adj,se,l95,u95,popunit,geotype,suppr_limit,precision_limit
2006,KNREP,ALL,426,VA- ARLINGTON,149428,1036,1072,1218.83951017338,0.879525147529479,7.17402361003293,7.2282296367672,0.202727755791739,6.80805027447218,7.67434163607,1000,hrr,11,26
2006,KNREP,ALL,427,VA- CHARLOTTESVILLE,72169,583,600,594.588285388022,1.00910161660593,8.31381895273594,8.29329361203859,0.310851208163486,7.65539740697946,8.98434336965632,1000,hrr,11,26
2006,KNREP,ALL,428,VA- LYNCHBURG,34600,263,270,277.08580137444,0.974427410790115,7.80346820809249,7.98467908811823,0.446077256574241,7.08678588190348,8.99633503857299,1000,hrr,11,26
2006,KNREP,ALL,429,VA- NEWPORT NEWS,63726,533,549,499.466369464797,1.09917310466425,8.6150080030129,8.97754253125417,0.351816710328943,8.2568773395585,9.76110781182892,1000,hrr,11,26
2006,KNREP,ALL,430,VA- NORFOLK,127045,1019,1054,985.218543858324,1.06981339984966,8.29627297414302,8.72760670923302,0.246957698761643,8.21589005290492,9.2711950111987,1000,hrr,11,26
2006,KNREP,ALL,431,VA- RICHMOND,181853,1327,1350,1413.92892090176,0.954786326273748,7.42357838473932,7.79441665844532,0.194897288889756,7.38916531367916,8.22189360589637,1000,hrr,11,26
2006,KNREP,ALL,432,VA- ROANOKE,100558,857,884,838.190077332743,1.05465338221735,8.79094651842718,8.6744003643903,0.267912212395276,8.12078062199413,9.26576214581419,1000,hrr,11,26
2006,KNREP,ALL,435,VA- WINCHESTER,51361,419,434,433.753486260401,1.0005683268202,8.44999123848835,8.23872783147058,0.363091819377178,7.49877670244193,9.05169455958653,1000,hrr,11,26
