year,event,strat,geoid,geolab,denom,observed_benes,observed,predicted,obspred_ratio,crude,adj,se,l95,u95,popunit,geotype,suppr_limit,precision_limit
2008,KNREP,ALL,426,VA- ARLINGTON,161089,1154,1198,1338.16321150402,0.895257013270839,7.43688271700737,7.4723779298295,0.197720699663227,7.06078656291085,7.90796201368025,1000,hrr,11,26
2008,KNREP,ALL,427,VA- CHARLOTTESVILLE,71791,550,575,601.554147527273,0.955857427570858,8.00936050479865,7.97962459796311,0.304686819979841,7.35318383967892,8.65943380618625,1000,hrr,11,26
2008,KNREP,ALL,428,VA- LYNCHBURG,33697,246,250,276.264781515538,0.904928954854634,7.41905807638662,7.53575013437253,0.43630922225923,6.65711006840354,8.53035769338182,1000,hrr,11,26
2008,KNREP,ALL,429,VA- NEWPORT NEWS,65369,554,571,523.861951548768,1.08998181355197,8.73502730652144,9.05013121260226,0.346812775628607,8.33718289654366,9.82404680114106,1000,hrr,11,26
2008,KNREP,ALL,430,VA- NORFOLK,127173,1067,1098,1007.82158012043,1.08947855618332,8.63390814087896,9.03801595801398,0.249878656946202,8.51850278232596,9.58921239384878,1000,hrr,11,26
2008,KNREP,ALL,431,VA- RICHMOND,179777,1451,1499,1427.86701991636,1.04981765044745,8.33810776684448,8.71383958155606,0.206224577732597,8.28327137281867,9.16678892137453,1000,hrr,11,26
2008,KNREP,ALL,432,VA- ROANOKE,96530,801,835,816.383235763722,1.02280395214003,8.65016057184295,8.54472534926013,0.270789577049967,7.98414318894819,9.14466706901673,1000,hrr,11,26
2008,KNREP,ALL,435,VA- WINCHESTER,50425,404,418,431.741602795601,0.968171696434577,8.28953891918691,8.09492743614548,0.362514380977302,7.35476273145099,8.90958044319306,1000,hrr,11,26
