year,event,strat,geoid,geolab,denom,observed_benes,observed,predicted,obspred_ratio,crude,adj,se,l95,u95,popunit,geotype,suppr_limit,precision_limit
2009,IDF,ALL,426,VA- ARLINGTON,144296,350,356,462.733441716026,0.769341413233049,2.4671508565726,2.49872995070102,0.104829974757828,2.25195185754566,2.772550996421,1000,hrr,11,26
2009,IDF,ALL,427,VA- CHARLOTTESVILLE,67592,193,195,221.496102458178,0.880376665033279,2.88495679962126,2.8595480846112,0.162027470589497,2.48487325901477,3.29071723015995,1000,hrr,11,26
2009,IDF,ALL,428,VA- LYNCHBURG,31812,75,75,103.547092809486,0.72430811879954,2.35760090531875,2.35885411206561,0.215437341419479,1.88099804061176,2.95810660185439,1000,hrr,11,26
2009,IDF,ALL,429,VA- NEWPORT NEWS,61609,139,142,202.171789888936,0.702372967455096,2.30485805645279,2.29384758215527,0.152314057415319,1.94575305173438,2.7042161005321,1000,hrr,11,26
2009,IDF,ALL,430,VA- NORFOLK,119477,383,397,388.057387956646,1.02304456072964,3.32281526988458,3.34383053986422,0.132955870142424,3.03000493064382,3.69015989586289,1000,hrr,11,26
2009,IDF,ALL,431,VA- RICHMOND,166624,531,540,538.562045339551,1.00266998885809,3.24082965239101,3.27548076799858,0.111724341573973,3.00994415485396,3.56444296291242,1000,hrr,11,26
2009,IDF,ALL,432,VA- ROANOKE,91063,247,255,292.180494717839,0.872748197124711,2.80025916124002,2.83249362552831,0.140367138755453,2.5050986908466,3.20267627298434,1000,hrr,11,26
2009,IDF,ALL,435,VA- WINCHESTER,46722,137,137,152.829629162835,0.896423034921002,2.93223748983348,2.90648453730946,0.196449315560764,2.45816718218084,3.43656543251236,1000,hrr,11,26
