year,event,strat,geoid,geolab,denom,observed_benes,observed,predicted,obspred_ratio,crude,adj,se,l95,u95,popunit,geotype,suppr_limit,precision_limit
2008,IDF,ALL,426,VA- ARLINGTON,140629,381,384,426.904288547956,0.899499045338974,2.73058899657965,2.75830552967956,0.110827190584088,2.49546571240428,3.04882946587578,1000,hrr,11,26
2008,IDF,ALL,427,VA- CHARLOTTESVILLE,67111,151,153,207.758727735889,0.736431155828504,2.27980509901506,2.25836388511068,0.143652881356465,1.92726931200259,2.64633873730532,1000,hrr,11,26
2008,IDF,ALL,428,VA- LYNCHBURG,31953,72,74,97.9454029525105,0.755522952270454,2.31590148029919,2.32267181298747,0.212386581337041,1.8493167475621,2.91718785219369,1000,hrr,11,26
2008,IDF,ALL,429,VA- NEWPORT NEWS,60925,138,142,188.757586540628,0.752287643651537,2.330734509643,2.31864687712265,0.153120135972167,1.96677005643932,2.73347833580691,1000,hrr,11,26
2008,IDF,ALL,430,VA- NORFOLK,118618,303,311,363.998674253943,0.854398716252004,2.6218617747728,2.63532575505789,0.117704152154824,2.35770475488432,2.94563677699,1000,hrr,11,26
2008,IDF,ALL,431,VA- RICHMOND,166431,540,545,506.535763565233,1.07593587501905,3.27463032728278,3.31697745018049,0.112022661254134,3.04920558585513,3.6082642167666,1000,hrr,11,26
2008,IDF,ALL,432,VA- ROANOKE,91167,215,219,276.358932663816,0.792447697959552,2.40218500115173,2.42829520756778,0.129128788865016,2.12687660175655,2.77243052569517,1000,hrr,11,26
2008,IDF,ALL,435,VA- WINCHESTER,46456,120,121,143.478000951011,0.843334861079602,2.60461511968314,2.58191846583766,0.184663657689036,2.1603608574852,3.08573585803324,1000,hrr,11,26
