year,event,strat,geoid,geolab,denom,observed_benes,observed,predicted,obspred_ratio,crude,adj,se,l95,u95,popunit,geotype,suppr_limit,precision_limit
2009,IDF,ALL,51,VA-Virginia,755917,2068,2110,2444.92589757945,0.863011841008746,2.79131174454338,2.81219983478762,0.0486711642802025,2.69394344384832,2.93564734212912,1000,state,11,26
