HRR Number,HRR Name,Medicare enrollees (2003),Total Mortality: ASR-adjusted % of deaths among Medicare enrollees (2003),Non-HMO Mortality: ASR-adjusted % of deaths among Medicare enrollees without HMO coverage (2003)
426,VA-Arlington,138817,4.78612431272974,4.83841794029075
427,VA-Charlottesville,66946,5.19783891865881,5.21646215164977
428,VA-Lynchburg,33698,5.22812146163401,5.22070443819452
429,VA-Newport News,60921,5.24955509890431,5.24295199870707
430,VA-Norfolk,124706,5.50516437580382,5.50756369147743
431,VA-Richmond,172877,5.55127654383578,5.54783900008622
432,VA-Roanoke,99279,5.59133987359054,5.58156127533201
435,VA-Winchester,46354,5.59360135691575,5.60721099405417
