HRR Number,HRR Name,Medicare enrollees (2011),Total Mortality: ASR-adjusted % of deaths among Medicare enrollees (2011),Non-HMO Mortality: ASR-adjusted % of deaths among Medicare enrollees without HMO coverage (2011)
426,VA-Arlington,197943,3.79707549372558,3.83521862687554
427,VA-Charlottesville,81997,4.59251294963235,4.68773289111513
428,VA-Lynchburg,43447,4.64718994053972,4.81128540031077
429,VA-Newport News,75709,4.43817514442716,4.49817428783959
430,VA-Norfolk,145188,4.81128802396214,4.89424404567213
431,VA-Richmond,212474,4.6547325358492,4.76637544357367
432,VA-Roanoke,110034,5.17777876790638,5.30485088074088
435,VA-Winchester,59809,5.01221803100973,5.13648099547451
