year,event,strat,geoid,geolab,denom,observed_benes,observed,predicted,obspred_ratio,crude,adj,se,l95,u95,popunit,geotype,suppr_limit,precision_limit
2003,SHREP,ALL,426,VA- ARLINGTON,48726,22,22,22.75141855671,0.966972672282519,-0.451504330336986,-0.459122206148201,-0.0882428711734512,-0.302250421751988,-0.69741242694231,1000,hrr,11,26
2003,SHREP,ALL,427,VA- CHARLOTTESVILLE,26977,14,14,12.646807357024,1.10699875508299,-0.518960596063313,-0.525492843610283,-0.126588623279303,-0.311174972388956,-0.887419468749737,1000,hrr,11,26
2003,SHREP,ALL,428,VA- LYNCHBURG,13624,-99999,-99999,-99999,-99999,-99999,-99999,-99999,-99999,-99999,1000,hrr,11,26
2003,SHREP,ALL,429,VA- NEWPORT NEWS,24524,17,18,10.2510387769377,1.75591960889813,-0.733974881748491,-0.828079224007032,-0.175919032610989,-0.521660232798728,-1.31448624625496,1000,hrr,11,26
2003,SHREP,ALL,430,VA- NORFOLK,49904,17,17,20.6639451803564,0.82268898081285,-0.340654055787111,-0.387435072388097,-0.0846983468423047,-0.240816130036417,-0.623321765421903,1000,hrr,11,26
2003,SHREP,ALL,431,VA- RICHMOND,69370,45,45,29.0700694895876,1.54798391576319,0.648695401470376,0.72968736993736,0.0980848575751541,0.544698594683171,0.977501434817916,1000,hrr,11,26
2003,SHREP,ALL,432,VA- ROANOKE,38988,11,11,18.6044994785801,0.591254820516114,-0.282138093772443,-0.280822861182909,-0.0763162960890109,-0.155494156604659,-0.50716683562238,1000,hrr,11,26
2003,SHREP,ALL,435,VA- WINCHESTER,18662,-99999,-99999,-99999,-99999,-99999,-99999,-99999,-99999,-99999,1000,hrr,11,26
