year,event,strat,geoid,geolab,denom,observed_benes,observed,predicted,obspred_ratio,crude,adj,se,l95,u95,popunit,geotype,suppr_limit,precision_limit
2004,SHREP,ALL,426,VA- ARLINGTON,49510,18,18,28.3682629913141,0.63451188412598,-0.363562916582509,-0.370300412540295,-0.0781864253077139,-0.233270866888675,-0.587824777934881,1000,hrr,11,26
2004,SHREP,ALL,427,VA- CHARLOTTESVILLE,27360,14,14,15.8277157523433,0.884524350769141,-0.511695906432749,-0.516135552303355,-0.123563531129486,-0.305640214771686,-0.87159966351446,1000,hrr,11,26
2004,SHREP,ALL,428,VA- LYNCHBURG,13764,-99999,-99999,-99999,-99999,-99999,-99999,-99999,-99999,-99999,1000,hrr,11,26
2004,SHREP,ALL,429,VA- NEWPORT NEWS,24871,13,14,12.8734135901433,1.08751264005992,-0.56290458767239,-0.63052857908061,-0.150940948454733,-0.373391301237098,-1.0647443786725,1000,hrr,11,26
2004,SHREP,ALL,430,VA- NORFOLK,50361,22,23,25.8085614381962,0.891177141162174,-0.456702607176188,-0.516044354422897,-0.0964007049249147,-0.342866574732301,-0.776692146032795,1000,hrr,11,26
2004,SHREP,ALL,431,VA- RICHMOND,70025,34,36,36.3041216097486,0.991622945377449,0.514102106390575,0.574690110900264,0.0858226695243037,0.414464338603518,0.796856792744472,1000,hrr,11,26
2004,SHREP,ALL,432,VA- ROANOKE,39300,17,17,23.1229217845444,0.735201206768038,-0.432569974554707,-0.429244981582038,-0.0932647151142426,-0.266797707799563,-0.690602838131526,1000,hrr,11,26
2004,SHREP,ALL,435,VA- WINCHESTER,19199,-99999,-99999,-99999,-99999,-99999,-99999,-99999,-99999,-99999,1000,hrr,11,26
