year,event,strat,geoid,geolab,denom,observed_benes,observed,predicted,obspred_ratio,crude,adj,se,l95,u95,popunit,geotype,suppr_limit,precision_limit
2007,SHREP,ALL,426,VA- ARLINGTON,133456,75,78,103.512495071364,0.753532217982236,0.584462294688886,0.596039916509788,0.0610932290171783,0.477374077333439,0.744203757475606,1000,hrr,11,26
2007,SHREP,ALL,427,VA- CHARLOTTESVILLE,67441,56,58,52.9808620330873,1.09473492454272,0.860010972553788,0.865859625958034,0.102912944511822,0.669335381740127,1.12008555399402,1000,hrr,11,26
2007,SHREP,ALL,428,VA- LYNCHBURG,32549,30,31,24.4288738226794,1.26899013949714,0.952410212295309,1.00151523572451,0.162789567778033,0.704302526634254,1.42415046014621,1000,hrr,11,26
2007,SHREP,ALL,429,VA- NEWPORT NEWS,60179,70,72,43.029128617349,1.67328510508043,1.19643064856511,1.31779652718174,0.140571943204722,1.04593832352716,1.6603155730981,1000,hrr,11,26
2007,SHREP,ALL,430,VA- NORFOLK,118070,81,84,83.2344963533,1.00919695174764,0.711442364698907,0.793829484400942,0.0784036275717478,0.640946042085594,0.983179876193245,1000,hrr,11,26
2007,SHREP,ALL,431,VA- RICHMOND,168248,143,143,119.379594446652,1.19785965652533,0.849935809043793,0.942672177982134,0.0713710492604249,0.800095484563828,1.11065598079961,1000,hrr,11,26
2007,SHREP,ALL,432,VA- ROANOKE,92569,73,75,73.8160102688414,1.01603974160682,0.810206440601065,0.804073450354891,0.0840563096907632,0.64115153411425,1.00839517518866,1000,hrr,11,26
2007,SHREP,ALL,435,VA- WINCHESTER,46463,22,22,37.6341846958418,0.584574906505966,-0.473495039063341,-0.463186678591245,-0.0893748352155375,-0.304964486792497,-0.703497976045871,1000,hrr,11,26
