year,event,strat,geoid,geolab,denom,observed_benes,observed,predicted,obspred_ratio,crude,adj,se,l95,u95,popunit,geotype,suppr_limit,precision_limit
2010,SHREP,ALL,426,VA- ARLINGTON,145737,110,113,151.249576016882,0.747109532309612,0.775369329682922,0.788177492810255,0.0670574769352006,0.655413673287279,0.94783460506227,1000,hrr,11,26
2010,SHREP,ALL,427,VA- CHARLOTTESVILLE,68522,61,64,71.9167378641601,0.889918006582645,0.934006596421587,0.938744948419386,0.106108327172914,0.734715554643851,1.19943299500457,1000,hrr,11,26
2010,SHREP,ALL,428,VA- LYNCHBURG,32349,39,41,32.6947805972217,1.25402279052101,1.26742712294043,1.31936354181897,0.186296608445133,0.971431352341774,1.79191267739593,1000,hrr,11,26
2010,SHREP,ALL,429,VA- NEWPORT NEWS,62912,77,78,60.8256958795204,1.28235277660444,1.23982706002035,1.34532836718565,0.137743493932469,1.07751558392277,1.67970509434796,1000,hrr,11,26
2010,SHREP,ALL,430,VA- NORFOLK,120392,88,93,113.98808019784,0.81587478128053,0.772476576516712,0.854892993381509,0.0801647885551417,0.697619339046033,1.04762295026424,1000,hrr,11,26
2010,SHREP,ALL,431,VA- RICHMOND,168742,178,184,160.700020570406,1.14499051927243,1.09042206445343,1.2003690522417,0.0800440066449743,1.03879011001655,1.38708084307491,1000,hrr,11,26
2010,SHREP,ALL,432,VA- ROANOKE,92088,98,99,98.0658664797006,1.00952557249359,1.07505863956216,1.06571455152124,0.0968739927873044,0.875086771317033,1.29786844293712,1000,hrr,11,26
2010,SHREP,ALL,435,VA- WINCHESTER,47869,37,39,51.5669594026351,0.756298227620671,0.814723516263135,0.799420005458082,0.115748063630909,0.584042039236595,1.09422319318304,1000,hrr,11,26
