year,event,strat,geoid,geolab,denom,observed_benes,observed,predicted,obspred_ratio,crude,adj,se,l95,u95,popunit,geotype,suppr_limit,precision_limit
2008,SHREP,ALL,426,VA- ARLINGTON,136951,81,86,116.196714706563,0.740124195569385,0.627961825762499,0.640912010619792,0.062663608280227,0.518771858659174,0.791808958987062,1000,hrr,11,26
2008,SHREP,ALL,427,VA- CHARLOTTESVILLE,66873,53,57,57.4256990372762,0.992586959420384,0.85236193979633,0.859485535424411,0.103210699401822,0.662922520699263,1.11433140757471,1000,hrr,11,26
2008,SHREP,ALL,428,VA- LYNCHBURG,31814,23,23,26.2386472406765,0.876569580322884,-0.722952159426668,-0.756951771168653,-0.143067898888158,-0.502997705379893,-1.13912246069317,1000,hrr,11,26
2008,SHREP,ALL,429,VA- NEWPORT NEWS,60595,71,73,47.5276088749001,1.53594935087408,1.2047198613747,1.32260224536695,0.140339788986146,1.05142507990135,1.66371977698481,1000,hrr,11,26
2008,SHREP,ALL,430,VA- NORFOLK,117812,110,113,91.0207641469781,1.24147496517971,0.959155264319424,1.06758104371723,0.0910641850905443,0.887754204926995,1.28383428496189,1000,hrr,11,26
2008,SHREP,ALL,431,VA- RICHMOND,165730,143,148,129.063613940955,1.1467213374926,0.893018765461896,0.986666779358075,0.0735463343582548,0.839782691974061,1.15924195960793,1000,hrr,11,26
2008,SHREP,ALL,432,VA- ROANOKE,90918,67,68,79.2909536593571,0.857600985506313,0.747926703183088,0.743147137780277,0.0817132375949571,0.585883386104247,0.942623876166294,1000,hrr,11,26
2008,SHREP,ALL,435,VA- WINCHESTER,46323,47,47,40.9629466477036,1.14737839550991,1.01461477020055,0.995679045845988,0.131677240348908,0.748030843582794,1.32531535409482,1000,hrr,11,26
