year,event,strat,geoid,geolab,denom,observed_benes,observed,predicted,obspred_ratio,crude,adj,se,l95,u95,popunit,geotype,suppr_limit,precision_limit
2012,SHREP,ALL,426,VA- ARLINGTON,160346,142,146,194.615424605781,0.750197474304731,0.910530976762751,0.92434559824159,0.0688047305025527,0.785875127777542,1.0872144374958,1000,hrr,11,26
2012,SHREP,ALL,427,VA- CHARLOTTESVILLE,73943,82,83,90.6355743571017,0.915755216301518,1.12248623940062,1.12828814143498,0.111367365425572,0.909829855307063,1.39920021603726,1000,hrr,11,26
2012,SHREP,ALL,428,VA- LYNCHBURG,35091,36,38,41.3566534139769,0.918836435328142,1.08289874896697,1.12945829273328,0.164728435067867,0.821812615945913,1.55227117504842,1000,hrr,11,26
2012,SHREP,ALL,429,VA- NEWPORT NEWS,65878,99,102,74.2314946383476,1.374079836287,1.54831658520295,1.68467294615643,0.149996747475665,1.38742845786336,2.0455994825723,1000,hrr,11,26
2012,SHREP,ALL,430,VA- NORFOLK,126783,117,120,139.335790336771,0.861228832233003,0.946499136319538,1.0550389585807,0.0866067935244011,0.882148571519751,1.26181375797663,1000,hrr,11,26
2012,SHREP,ALL,431,VA- RICHMOND,180130,196,202,199.054473579584,1.014797589662,1.12141231332926,1.24359751176639,0.0786964483721754,1.08333092837279,1.42757372725851,1000,hrr,11,26
2012,SHREP,ALL,432,VA- ROANOKE,95160,101,105,118.134337387869,0.888818630736078,1.10340479192938,1.0958243789855,0.0961791792553833,0.904973673823957,1.32692375956624,1000,hrr,11,26
2012,SHREP,ALL,435,VA- WINCHESTER,53203,52,54,66.9490387530786,0.806583649380879,1.01498035825047,0.995492306014229,0.121814510512557,0.762384372212574,1.2998757155232,1000,hrr,11,26
