year,event,strat,geoid,geolab,denom,observed_benes,observed,predicted,obspred_ratio,crude,adj,se,l95,u95,popunit,geotype,suppr_limit,precision_limit
2009,SHREP,ALL,426,VA- ARLINGTON,140289,106,109,133.556393287973,0.816134647818584,0.776967545566652,0.79046637766635,0.0687409063759945,0.655115170551746,0.953782055901279,1000,hrr,11,26
2009,SHREP,ALL,427,VA- CHARLOTTESVILLE,67190,54,57,64.7999440426309,0.879630389225345,0.848340526864117,0.851871163078176,0.10242428617253,0.657053836242297,1.10445208361368,1000,hrr,11,26
2009,SHREP,ALL,428,VA- LYNCHBURG,31593,21,21,29.3533365113723,0.715421226199073,-0.66470420662805,-0.691268707523444,-0.136906476615365,-0.450698936636325,-1.06024751149284,1000,hrr,11,26
2009,SHREP,ALL,429,VA- NEWPORT NEWS,61116,80,80,54.1128231941365,1.47839264850385,1.30898619019569,1.42492101935219,0.144616866742788,1.14445307504508,1.77412246571291,1000,hrr,11,26
2009,SHREP,ALL,430,VA- NORFOLK,118292,115,117,102.961077372756,1.13635174558652,0.989077875088763,1.09404584909099,0.0918280530274321,0.912661967903406,1.31147824934884,1000,hrr,11,26
2009,SHREP,ALL,431,VA- RICHMOND,165412,152,157,144.72990772995,1.08477924474978,0.949145164800619,1.0448598621896,0.0757143087118991,0.893493494899364,1.22186914381267,1000,hrr,11,26
2009,SHREP,ALL,432,VA- ROANOKE,90535,65,68,88.5700414931928,0.767753958941368,0.751090738388469,0.743984484343534,0.0819065304017766,0.586548918055181,0.943677323247302,1000,hrr,11,26
2009,SHREP,ALL,435,VA- WINCHESTER,46444,36,36,46.051946826959,0.781725909118905,0.775127034708466,0.758463674421524,0.114745249237804,0.547062458230538,1.0515566125259,1000,hrr,11,26
