year,event,strat,geoid,geolab,denom,observed_benes,observed,predicted,obspred_ratio,crude,adj,se,l95,u95,popunit,geotype,suppr_limit,precision_limit,nbad
2012,OC2,ALL,426,VA- ARLINGTON,11323,307,586,562.509201137366,1.04176073709574,51.7530689746534,52.0195852504934,2.08207203395252,47.9720581408429,56.4086127321991,1000,hrr,11,26,0
2012,OC2,ALL,427,VA- CHARLOTTESVILLE,3228,60,137,160.465059325759,0.853768418967008,42.4411400247832,42.6497851348455,3.52921776155674,36.073424143712,50.4250487783417,1000,hrr,11,26,0
2012,OC2,ALL,428,VA- LYNCHBURG,1183,63,97,57.3091877211551,1.69257328287334,81.9949281487743,84.3691738700667,8.29638997782692,69.1442137598099,102.94653901546,1000,hrr,11,26,0
2012,OC2,ALL,429,VA- NEWPORT NEWS,3021,47,66,140.673313432926,0.469172143524361,21.8470705064548,23.2892989075575,2.77633270446056,18.2970003425181,29.6437357737359,1000,hrr,11,26,0
2012,OC2,ALL,430,VA- NORFOLK,6908,151,311,311.954774457893,0.996939381807661,45.020266357846,49.3400790992153,2.71008376677914,44.1492967045417,55.1411593667898,1000,hrr,11,26,0
2012,OC2,ALL,431,VA- RICHMOND,8399,244,433,382.301543058716,1.13261379102908,51.5537563995714,56.1033107514001,2.61152904557755,51.0594419321684,61.645434383119,1000,hrr,11,26,0
2012,OC2,ALL,432,VA- ROANOKE,4570,51,91,228.583248164663,0.39810441373397,19.9124726477024,19.8961464068716,2.02004994726633,16.2006550329405,24.4346071833998,1000,hrr,11,26,0
2012,OC2,ALL,435,VA- WINCHESTER,2201,34,54,111.060589169957,0.486221083496713,24.5343025897319,24.3161349142528,3.20483794641878,18.62318898879,31.7493645972265,1000,hrr,11,26,0
