year,event,strat,geoid,geolab,denom,observed_benes,observed,predicted,obspred_ratio,crude,adj,se,l95,u95,popunit,geotype,suppr_limit,precision_limit,nbad
2013,OC2,ALL,426,VA- ARLINGTON,11645,296,584,609.943288480354,0.95746606451726,50.1502790897381,50.3203718564058,2.03115960950437,46.3990756374378,54.5730661436681,1000,hrr,11,26,0
2013,OC2,ALL,427,VA- CHARLOTTESVILLE,3512,62,145,184.607181399806,0.785451567487896,41.2870159453303,41.3048963450658,3.34514443424417,35.1000491249327,48.6066118028518,1000,hrr,11,26,0
2013,OC2,ALL,428,VA- LYNCHBURG,1590,90,168,81.1215144589845,2.07096725351376,105.660377358491,108.756049877536,8.18229099346158,93.4931981737062,126.510576341493,1000,hrr,11,26,0
2013,OC2,ALL,429,VA- NEWPORT NEWS,3404,49,86,168.122158545162,0.511532808906317,25.2643948296122,26.7924746563923,2.81732991628848,21.688191605466,33.0980429937049,1000,hrr,11,26,0
2013,OC2,ALL,430,VA- NORFOLK,7547,204,464,363.19601331361,1.27754706271885,61.4813833311249,66.7989293883621,3.02506245234321,60.9872354496594,73.1644406330654,1000,hrr,11,26,0
2013,OC2,ALL,431,VA- RICHMOND,8921,270,514,433.130219462454,1.18671008602889,57.6168590965138,62.0871730448081,2.67105857157752,56.9440638558002,67.6948007514447,1000,hrr,11,26,0
2013,OC2,ALL,432,VA- ROANOKE,4536,55,102,239.095464597234,0.426607841231214,22.4867724867725,22.443412036443,2.16709788625554,18.4842759184493,27.2505531761079,1000,hrr,11,26,0
2013,OC2,ALL,435,VA- WINCHESTER,2367,40,65,125.504715195383,0.517908828356046,27.4609209970427,27.2421683927075,3.29514407797701,21.3627431667831,34.7397210621609,1000,hrr,11,26,0
