year,event,strat,geoid,geolab,denom,observed_benes,observed,predicted,obspred_ratio,crude,adj,se,l95,u95,popunit,geotype,suppr_limit,precision_limit,nbad
2007,OC2,ALL,426,VA- ARLINGTON,8963,133,223,258.013609559135,0.864295493485935,24.8800624790807,25.3471499507227,1.6182988306261,22.2285405315665,28.9032925806374,1000,hrr,11,26,0
2007,OC2,ALL,427,VA- CHARLOTTESVILLE,2623,16,25,75.507346091639,0.331093612661991,-9.53107129241327,-9.71452621772648,-1.85188425145036,-6.56411192220022,-14.376966869764,1000,hrr,11,26,0
2007,OC2,ALL,428,VA- LYNCHBURG,980,-99999,-99999,-99999,-99999,-99999,-99999,-99999,-99999,-99999,1000,hrr,11,26,0
2007,OC2,ALL,429,VA- NEWPORT NEWS,2980,39,56,77.1337787448355,0.726011365075894,18.7919463087248,21.1072218048696,2.68843861361666,16.2435404618234,27.4271987296759,1000,hrr,11,26,0
2007,OC2,ALL,430,VA- NORFOLK,7103,85,129,182.147134350022,0.708218663226991,18.1613402787555,20.5898227917481,1.72803313538423,17.3260914725592,24.4683460933484,1000,hrr,11,26,0
2007,OC2,ALL,431,VA- RICHMOND,7319,151,205,189.685404898692,1.08073681319597,28.0092908867332,31.447391501457,2.0935604880585,27.4239578774599,36.0611125740801,1000,hrr,11,26,0
2007,OC2,ALL,432,VA- ROANOKE,4152,25,36,120.132687712635,0.29966864710556,8.67052023121387,8.79869036486284,1.39777672501602,6.3466388596699,12.1981026254197,1000,hrr,11,26,0
2007,OC2,ALL,435,VA- WINCHESTER,1860,11,12,54.2385181145585,0.221244982664432,-6.45161290322581,-6.49452324914758,-1.78696620882616,-3.68824941372328,-11.4360032368687,1000,hrr,11,26,0
