year,event,strat,geoid,geolab,denom,observed_benes,observed,predicted,obspred_ratio,crude,adj,se,l95,u95,popunit,geotype,suppr_limit,precision_limit,nbad
2011,OC2,ALL,426,VA- ARLINGTON,10557,313,591,496.982917102257,1.18917568323259,55.9818130150611,56.2408664673404,2.24601523258845,51.8827278084422,60.9650878935193,1000,hrr,11,26,0
2011,OC2,ALL,427,VA- CHARLOTTESVILLE,2940,47,96,137.660443404053,0.697368086475115,32.6530612244898,32.9756755291114,3.2662033455069,26.9968971393486,40.2785242684922,1000,hrr,11,26,0
2011,OC2,ALL,428,VA- LYNCHBURG,1171,48,62,54.2366039050831,1.1431394212754,52.9461998292058,54.001840700057,6.65554907190829,42.1021031447886,69.2649198299088,1000,hrr,11,26,0
2011,OC2,ALL,429,VA- NEWPORT NEWS,2809,37,47,123.025728569515,0.382033909057023,16.7319330722677,17.9253060562684,2.53738700882569,13.4680370114617,23.8577156372115,1000,hrr,11,26,0
2011,OC2,ALL,430,VA- NORFOLK,6487,122,252,277.494609210692,0.908125749602095,38.8469246184677,42.4717379788464,2.59684555097763,37.5378216006691,48.0541611107137,1000,hrr,11,26,0
2011,OC2,ALL,431,VA- RICHMOND,8046,201,339,348.027273988047,0.974061590390308,42.1327367636093,45.6200558726287,2.40483522212452,41.012648096305,50.7450651061293,1000,hrr,11,26,0
2011,OC2,ALL,432,VA- ROANOKE,4172,63,93,197.510523730613,0.470860986257338,22.2914669223394,22.3006810413379,2.24423829322228,18.1989633892575,27.3268517700876,1000,hrr,11,26,0
2011,OC2,ALL,435,VA- WINCHESTER,2139,32,48,102.36484255926,0.468910993266194,22.4403927068724,22.2276260581644,3.11356795687483,16.7504395634309,29.4957847709396,1000,hrr,11,26,0
