year,event,strat,geoid,geolab,denom,observed_benes,observed,predicted,obspred_ratio,crude,adj,se,l95,u95,popunit,geotype,suppr_limit,precision_limit,nbad
2009,OC2,ALL,426,VA- ARLINGTON,9073,148,238,358.604191170611,0.663684379212311,26.231676402513,26.4270851642353,1.65165982114061,23.2734374856886,30.008065233475,1000,hrr,11,26,0
2009,OC2,ALL,427,VA- CHARLOTTESVILLE,2236,25,45,88.4914615545327,0.508523638433397,20.1252236135957,20.2718310788535,2.91310808293063,15.1355605971805,27.1511010544351,1000,hrr,11,26,0
2009,OC2,ALL,428,VA- LYNCHBURG,931,87,169,36.054287307352,4.68737597166532,181.525241675618,186.765420494623,13.8495899130868,160.625626784561,217.159135754334,1000,hrr,11,26,0
2009,OC2,ALL,429,VA- NEWPORT NEWS,3028,42,59,108.631561808596,0.543120240726681,19.4848084544254,21.5036986687304,2.69868993537745,16.6606896787691,27.7544966835804,1000,hrr,11,26,0
2009,OC2,ALL,430,VA- NORFOLK,6120,128,254,217.826825332727,1.1660639116051,41.5032679738562,46.1784331126045,2.79349081403756,40.8339369930195,52.2224365752396,1000,hrr,11,26,0
2009,OC2,ALL,431,VA- RICHMOND,7269,192,282,261.234421796256,1.07949020676892,38.7948823772183,42.7652004135161,2.45510585062276,38.0536441656013,48.0601111013018,1000,hrr,11,26,0
2009,OC2,ALL,432,VA- ROANOKE,3886,44,58,154.82829610037,0.374608527387014,14.9253731343284,14.9360976473986,1.89061543017466,11.5468102785192,19.3202284918148,1000,hrr,11,26,0
2009,OC2,ALL,435,VA- WINCHESTER,1817,11,16,72.852346802965,0.219622300476789,-8.80572372041827,-8.7526446793307,-2.10932291822293,-5.36208632862147,-14.2871233672046,1000,hrr,11,26,0
