year,event,strat,geoid,geolab,denom,observed_benes,observed,predicted,obspred_ratio,crude,adj,se,l95,u95,popunit,geotype,suppr_limit,precision_limit,nbad
2010,OC2,ALL,426,VA- ARLINGTON,9605,206,348,433.129650412865,0.803454576864645,36.2311296199896,36.4929949883144,1.89330016222627,32.8525351906864,40.536861934317,1000,hrr,11,26,0
2010,OC2,ALL,427,VA- CHARLOTTESVILLE,2433,65,152,109.264668753032,1.39111756558344,62.4743115495273,63.1860544860868,4.95937160752131,53.8981545163204,74.0744746707387,1000,hrr,11,26,0
2010,OC2,ALL,428,VA- LYNCHBURG,1070,65,109,47.4947855833718,2.29498877952955,101.869158878505,104.191981997645,9.65672439913133,86.3576092288756,125.709467984757,1000,hrr,11,26,0
2010,OC2,ALL,429,VA- NEWPORT NEWS,2534,36,51,104.473244471962,0.488163263788434,20.1262825572218,21.9912486147689,2.97965635874841,16.7130203092204,28.9364224232868,1000,hrr,11,26,0
2010,OC2,ALL,430,VA- NORFOLK,6181,117,242,254.257557767308,0.951790783035344,39.1522407377447,42.8728542353516,2.66710558010014,37.7968567129208,48.6305420645563,1000,hrr,11,26,0
2010,OC2,ALL,431,VA- RICHMOND,7309,177,296,301.710707746135,0.98107224039612,40.4980161444794,44.1922930795402,2.48581091765867,39.4332643011808,49.5256682964868,1000,hrr,11,26,0
2010,OC2,ALL,432,VA- ROANOKE,3913,61,99,177.418198897575,0.558003635563641,25.3002811142346,25.3661024650566,2.46696302034199,20.8304065586599,30.8894189105613,1000,hrr,11,26,0
2010,OC2,ALL,435,VA- WINCHESTER,1897,23,29,86.7161878586255,0.334424295118682,15.2872957301002,15.2105903752762,2.7330812907928,10.5700389530461,21.8884774779161,1000,hrr,11,26,0
