HRR Number,HRR Name,Medicare enrollees (2000),Total Mortality: ASR-adjusted % of deaths among Medicare enrollees (2000),Non-HMO Mortality: ASR-adjusted % of deaths among Medicare enrollees without HMO coverage (2000)
426,VA-Arlington               ,127179,5.01034483310647,5.14371306649782
427,VA-Charlottesville         ,63992,5.39439016477069,5.48570856115488
428,VA-Lynchburg               ,32899,5.43072180360878,5.52143420049143
429,VA-Newport News            ,57189,5.44511142337656,5.52578868288795
430,VA-Norfolk                 ,120725,5.49884885153905,5.57193705526081
431,VA-Richmond                ,165944,5.65999705140378,5.81349551342021
432,VA-Roanoke                 ,97842,5.69496328538042,5.754001074445
435,VA-Winchester              ,43654,5.56040852406973,5.65649255921995
