HRR Number,HRR Name,Medicare enrollees (2010),Total Mortality: ASR-adjusted % of deaths among Medicare enrollees (2010),Non-HMO Mortality: ASR-adjusted % of deaths among Medicare enrollees without HMO coverage (2010)
426,VA-Arlington,189473,3.79539971324139,3.82833755608283
427,VA-Charlottesville,80079,4.33710467109644,4.49504732937388
428,VA-Lynchburg,39847,4.71953255795586,4.90993026930166
429,VA-Newport News,74391,4.50914722619311,4.5757457437729
430,VA-Norfolk,142297,4.8348439181559,4.97564851325949
431,VA-Richmond,206027,4.65109908002489,4.79661739789422
432,VA-Roanoke,111417,5.06737795428707,5.2060130449716
435,VA-Winchester,57749,5.08588018416917,5.36846228985215
