HRR Number,HRR Name,Medicare enrollees (2015),Total Mortality: ASR-adjusted % of deaths among Medicare enrollees (2015),Non-HMO Mortality: ASR-adjusted % of deaths among Medicare enrollees without HMO coverage (2015)
426,VA-Arlington,246642,3.42556005804936,3.41521021218985
427,VA-Charlottesville,96893,4.36067300361782,4.17769911114496
428,VA-Lynchburg,47871,4.24994649028745,4.21826719539581
429,VA-Newport News,87482,4.11523218270028,3.92554175190769
430,VA-Norfolk,168504,4.38643545970371,4.30482256571456
431,VA-Richmond,253352,4.38193235625147,4.26695468594479
432,VA-Roanoke,123674,4.78423223811881,4.59296360409342
435,VA-Winchester,70950,4.64178141144924,4.66531179047297
